<?xml version="1.0" encoding="UTF-8"?>
<!--
 ! (c) Copyright 2005-2013 JAXIO, http://www.jaxio.com
 ! Source code generated by Celerio, a Jaxio product
 ! Want to use Celerio within your company? email us at info@jaxio.com
 ! Follow us on twitter: @springfuse
 ! Template pack-jsf2-spring-conversation:bootstrap/celerio-template-packs.boot.vm.xml
-->
<celerio xmlns="http://www.jaxio.com/schema/celerio" xmlns:xsi="http://www.w3.org/2001/XMLSchema-instance" xsi:schemaLocation="http://www.jaxio.com/schema/celerio ./celerio.xsd">
	<configuration>
		<!-- These packs are expected to be present in your classpath as jar dependencies -->
		<packs>
			<pack name="pack-backend-jpa" enable="true"/>
			<pack name="pack-jsf2-spring-conversation" enable="true" />
			<pack name="pack-selenium-primefaces" enable="false" />
			<!-- The optional 'pack-custom' defined below is the local folder where you can create your own Celerio templates. -->
			<!-- All templates present in this folder will be executed by Celerio. -->
			<pack name="pack-custom" path="src/main/celerio" enable="false" />
		</packs>
	</configuration>
</celerio>
