<?xml version="1.0" encoding="UTF-8"?>
<!--
 ! (c) Copyright 2005-2013 JAXIO, http://www.jaxio.com
 ! Source code generated by Celerio, a Jaxio product
 ! Want to use Celerio within your company? email us at info@jaxio.com
 ! Follow us on twitter: @springfuse
 ! Template pack-jsf2-spring-conversation:src/main/resources/spring/applicationContext-web.p.vm.xml
-->
<beans default-lazy-init="true" xmlns="http://www.springframework.org/schema/beans" xmlns:xsi="http://www.w3.org/2001/XMLSchema-instance" xmlns:context="http://www.springframework.org/schema/context"
	xmlns:util="http://www.springframework.org/schema/util" xmlns:security="http://www.springframework.org/schema/security" xmlns:tx="http://www.springframework.org/schema/tx"
	xmlns:mvc="http://www.springframework.org/schema/mvc" xmlns:p="http://www.springframework.org/schema/p" xmlns:task="http://www.springframework.org/schema/task" xmlns:aop="http://www.springframework.org/schema/aop"
	xsi:schemaLocation="
			http://www.springframework.org/schema/beans http://www.springframework.org/schema/beans/spring-beans-3.1.xsd
			http://www.springframework.org/schema/context http://www.springframework.org/schema/context/spring-context-3.1.xsd
			http://www.springframework.org/schema/util http://www.springframework.org/schema/util/spring-util-3.1.xsd
			http://www.springframework.org/schema/security http://www.springframework.org/schema/security/spring-security-3.1.xsd
			http://www.springframework.org/schema/tx http://www.springframework.org/schema/tx/spring-tx-3.1.xsd
			http://www.springframework.org/schema/mvc http://www.springframework.org/schema/mvc/spring-mvc-3.1.xsd
			http://www.springframework.org/schema/task http://www.springframework.org/schema/task/spring-task-3.1.xsd
			http://www.springframework.org/schema/aop http://www.springframework.org/schema/aop/spring-aop-3.1.xsd">

	<description><![CDATA[
		Main entry point for spring configuration
	]]></description>

<context:annotation-config />
    <import resource="applicationContext.xml" />

	<!-- context -->
	<context:component-scan base-package="org.ikane.demospringfuse.web"/>

	<bean class="org.springframework.beans.factory.config.CustomScopeConfigurer" lazy-init="false">
	    <property name="scopes">
	        <map>
	            <entry key="conversation">
	                <bean class="org.ikane.demospringfuse.web.conversation.ConversationScope" />
	            </entry>
	        </map>
	    </property>
	</bean>

	<bean id="entityManagerConversationListener" class="org.ikane.demospringfuse.web.conversation.EntityManagerConversationListener">
		<constructor-arg ref="entityManagerFactory" />
    </bean>
</beans>
