<?xml version="1.0" encoding="UTF-8"?>
<!--
 ! (c) Copyright 2005-2013 JAXIO, http://www.jaxio.com
 ! Source code generated by Celerio, a Jaxio product
 ! Want to use Celerio within your company? email us at info@jaxio.com
 ! Follow us on twitter: @springfuse
 ! Template pack-backend-jpa:src/main/resources/spring/applicationContext.p.vm.xml
-->
<beans default-lazy-init="true" xmlns="http://www.springframework.org/schema/beans" xmlns:xsi="http://www.w3.org/2001/XMLSchema-instance" xmlns:context="http://www.springframework.org/schema/context"
	xmlns:util="http://www.springframework.org/schema/util" xmlns:security="http://www.springframework.org/schema/security" xmlns:tx="http://www.springframework.org/schema/tx"
	xmlns:mvc="http://www.springframework.org/schema/mvc" xmlns:p="http://www.springframework.org/schema/p" xmlns:task="http://www.springframework.org/schema/task" xmlns:aop="http://www.springframework.org/schema/aop"
	xsi:schemaLocation="
			http://www.springframework.org/schema/beans http://www.springframework.org/schema/beans/spring-beans-3.1.xsd
			http://www.springframework.org/schema/context http://www.springframework.org/schema/context/spring-context-3.1.xsd
			http://www.springframework.org/schema/util http://www.springframework.org/schema/util/spring-util-3.1.xsd
			http://www.springframework.org/schema/security http://www.springframework.org/schema/security/spring-security-3.1.xsd
			http://www.springframework.org/schema/tx http://www.springframework.org/schema/tx/spring-tx-3.1.xsd
			http://www.springframework.org/schema/mvc http://www.springframework.org/schema/mvc/spring-mvc-3.1.xsd
			http://www.springframework.org/schema/task http://www.springframework.org/schema/task/spring-task-3.1.xsd
			http://www.springframework.org/schema/aop http://www.springframework.org/schema/aop/spring-aop-3.1.xsd">

	<description><![CDATA[
		Main entry point for spring configuration
	]]></description>

	<!-- context -->
	<context:component-scan base-package="org.ikane.demospringfuse">
		<!-- exclude web beans as they live in the web application context -->
		<!-- Note: this regexp does not work if you try to escape the '.' -->
		<context:exclude-filter type="regex" expression="org.ikane.demospringfuse.web.*" />
	</context:component-scan>
	<context:property-placeholder location="classpath*:database.properties,classpath*:hibernate.properties" />

	<!-- security -->
	<security:authentication-manager>
		<security:authentication-provider user-service-ref="userDetailsService" />
	</security:authentication-manager>
	<security:global-method-security jsr250-annotations="enabled" pre-post-annotations="enabled" />

	<!-- transaction -->
	<tx:annotation-driven />

	<!-- datasource -->
	<bean id="dataSource" class="org.apache.commons.dbcp.BasicDataSource" 
		destroy-method="close" 
		lazy-init="false" 
		p:driverClassName="${jdbc.driver}" 
		p:url="${jdbc.url}"
		p:username="${jdbc.user}" 
		p:password="${jdbc.password}" 
		p:initialSize="1" 
		p:maxActive="1" 
		p:maxIdle="1" 
		p:maxWait="1000" 
		p:poolPreparedStatements="true"
		p:defaultAutoCommit="false" 
		p:removeAbandoned="true" 
		p:removeAbandonedTimeout="60">
		<description>
			Simple datasource. This is a direct access to the datasource that can be used for specific queries that need to bypass hibernate functionalities.
			However, if you
			need to use JDBC, please look at hibernate SQL-QUERIES, they would most probably be a more elegant way to solve your problem.
		</description>
	</bean>

	<!-- jpa -->
	<bean class="org.springframework.dao.annotation.PersistenceExceptionTranslationPostProcessor">
		<description>Enable exception translation for beans annotated with @Repository</description>
	</bean>
	<bean id="transactionManager" class="org.springframework.orm.jpa.JpaTransactionManager" 
		p:entityManagerFactory-ref="entityManagerFactory">
		<description>Please read http://www.springframework.org/docs/reference/transaction.html</description>
	</bean>
	<bean id="hibernateJpaVendorAdapter" class="org.springframework.orm.jpa.vendor.HibernateJpaVendorAdapter">
		<description>Allow spring to configure hibernate specific settings</description>
	</bean>
	<bean id="entityManagerFactory" class="org.springframework.orm.jpa.LocalContainerEntityManagerFactoryBean" 
		p:dataSource-ref="dataSource"
        p:persistenceXmlLocation="classpath:META-INF/spring-persistence.xml"
		p:persistenceUnitName="demospringfusePU"
		p:jpaVendorAdapter-ref="hibernateJpaVendorAdapter" 
		p:jpaProperties="classpath:hibernate.properties">
		<description>Build the entity manager with Hibernate as a provider.
            We set the persistenceXmlLocation to a different name to make it work on JBoss.
        </description>
	</bean>
	<util:property-path id="sessionFactory" path="entityManagerFactory.sessionFactory" />

	<!-- bean validation -->
	<bean id="validator" class="org.springframework.validation.beanvalidation.LocalValidatorFactoryBean"
		p:validationMessageSource-ref="messageSource">
		<description>Enable the bean validation provider, and configure it to use the messageSource when resolving properties</description>
	</bean>

	<!-- localization -->
	<bean id="messageSource" class="org.springframework.context.support.ReloadableResourceBundleMessageSource"
		p:fallbackToSystemLocale="false"
		p:useCodeAsDefaultMessage="true"
		p:defaultEncoding="UTF-8">
		<description>Base message source to handle internationalization</description>
		<property name="basenames">
			<list>
				<!-- main resources -->
				<value>classpath:/localization/application</value>
				<value>classpath:/localization/messages</value>
				<!-- generated domain resources -->
				<value>classpath:/localization/domain/Account</value>
				<value>classpath:/localization/domain/Address</value>
				<value>classpath:/localization/domain/Book</value>
				<value>classpath:/localization/domain/Document</value>
				<value>classpath:/localization/domain/Legacy</value>
				<value>classpath:/localization/domain/MoreTypesDemo</value>
				<value>classpath:/localization/domain/Role</value>
				<!-- default spring security messages -->
				<value>classpath:org/springframework/security/messages</value>
				<!-- our bean validation messages -->
				<value>classpath:ValidationMessages</value>
				<!-- default conversion messages -->
				<value>classpath:javax/faces/Messages</value>
				<!-- default bean validation messages -->
				<value>classpath:org/hibernate/validator/ValidationMessages</value>
			</list>
		</property>
	</bean>
</beans>
