<?xml version="1.0" encoding="UTF-8" standalone="no"?>
<facelet-taglib xmlns="http://java.sun.com/xml/ns/javaee" xmlns:xsi="http://www.w3.org/2001/XMLSchema-instance" xsi:schemaLocation="http://java.sun.com/xml/ns/javaee http://java.sun.com/xml/ns/javaee/web-facelettaglibrary_2_0.xsd" version="2.0">
	<namespace>http://springfuse.jaxio.com/app</namespace>
	<!-- Auto complete -->
    <tag>
        <tag-name>autoComplete</tag-name>
        <source>autocomplete/autoComplete.xhtml</source>        
        <attribute>
            <description>Unique identifier in for the underlying auto-complete component. This id is also used to build the label id etc.</description>
            <name>id</name>
            <required>true</required>
        </attribute>
        <attribute>
            <description>Label to display.</description>
            <name>label</name>
            <required>true</required>
        </attribute>
        <attribute>
            <description>Value of the component.</description>
            <name>value</name>
            <required>true</required>
        </attribute>        
    </tag>
    <tag>
        <tag-name>multiAutoComplete</tag-name>
        <source>autocomplete/multiAutoComplete.xhtml</source>        
        <attribute>
            <description>Unique identifier in for the underlying auto-complete component. This id is also used to build the label id etc.</description>
            <name>id</name>
            <required>true</required>
        </attribute>
        <attribute>
            <description>Label to display.</description>
            <name>label</name>
            <required>true</required>
        </attribute>
        <attribute>
            <description>Value of the component.</description>
            <name>value</name>
            <required>true</required>
        </attribute>        
    </tag>
	<!-- Panels -->
	<tag>
		<tag-name>edit</tag-name>
		<source>panel/edit.xhtml</source>
	</tag>
	<tag>
		<tag-name>search</tag-name>
		<source>panel/search.xhtml</source>
	</tag>
	<!-- Buttons -->
	<tag>
		<tag-name>saveButton</tag-name>
		<source>button/saveButton.xhtml</source>
	</tag>
	<!-- Icons -->
	<tag>
		<tag-name>iconAdd</tag-name>
		<source>icon/iconAdd.xhtml</source>
	</tag>
	<tag>
		<tag-name>iconView</tag-name>
		<source>icon/iconView.xhtml</source>
	</tag>
	<tag>
		<tag-name>iconDelete</tag-name>
		<source>icon/iconDelete.xhtml</source>
	</tag>
	<tag>
		<tag-name>iconEdit</tag-name>
		<source>icon/iconEdit.xhtml</source>
	</tag>
	<tag>
		<tag-name>iconSearch</tag-name>
		<source>icon/iconSearch.xhtml</source>
	</tag>
	<tag>
		<tag-name>iconSelect</tag-name>
		<source>icon/iconSelect.xhtml</source>
	</tag>
	<!-- tag used in edit form -->
	<tag>
		<tag-name>input</tag-name>
		<source>input/input.xhtml</source>
	</tag>
	<tag>
		<tag-name>inputPassword</tag-name>
		<source>input/inputPassword.xhtml</source>
	</tag>
	<tag>
		<tag-name>inputEditor</tag-name>
		<source>input/inputEditor.xhtml</source>
	</tag>
	<tag>
		<tag-name>inputTextArea</tag-name>
		<source>input/inputTextArea.xhtml</source>
	</tag>
	<tag>
		<tag-name>inputSpinner</tag-name>
		<source>input/inputSpinner.xhtml</source>
	</tag>
	<tag>
		<tag-name>inputBoolean</tag-name>
		<source>input/inputBoolean.xhtml</source>
	</tag>
	<tag>
		<tag-name>inputDate</tag-name>
		<source>input/inputDate.xhtml</source>
	</tag>
	<tag>
		<tag-name>inputDateTime</tag-name>
		<source>input/inputDateTime.xhtml</source>
	</tag>
	<tag>
		<tag-name>inputLocalDate</tag-name>
		<source>input/inputLocalDate.xhtml</source>
	</tag>
	<tag>
		<tag-name>inputLocalDateTime</tag-name>
		<source>input/inputLocalDateTime.xhtml</source>
	</tag>
	<tag>
		<tag-name>inputDateAria</tag-name>
		<source>input/inputDateAria.xhtml</source>
	</tag>
	<tag>
		<tag-name>inputDateTimeAria</tag-name>
		<source>input/inputDateTimeAria.xhtml</source>
	</tag>
	<tag>
		<tag-name>inputLocalDateAria</tag-name>
		<source>input/inputLocalDateAria.xhtml</source>
	</tag>
	<tag>
		<tag-name>inputLocalDateTimeAria</tag-name>
		<source>input/inputLocalDateTimeAria.xhtml</source>
	</tag>
	<!-- Output -->
	<tag>
		<tag-name>audit</tag-name>
		<source>output/audit.xhtml</source>
	</tag>
    <tag>
        <tag-name>conversationDebug</tag-name>
        <source>output/conversationDebug.xhtml</source>
    </tag>
    <tag>
        <tag-name>outputLabel</tag-name>
        <source>output/outputLabel.xhtml</source>
    </tag>
    <tag>
        <tag-name>print</tag-name>
        <source>output/print.xhtml</source>
    </tag>
	<!-- Select -->
    <tag>
        <tag-name>selectManyBoolean</tag-name>
        <source>select/selectManyBoolean.xhtml</source>
    </tag>
    <tag>
        <tag-name>selectManyBooleanAria</tag-name>
        <source>select/selectManyBooleanAria.xhtml</source>
    </tag>
    <tag>
        <tag-name>selectManyEnum</tag-name>
        <source>select/selectManyEnum.xhtml</source>
    </tag>
    <tag>
        <tag-name>selectManyEnumAria</tag-name>
        <source>select/selectManyEnumAria.xhtml</source>
    </tag>
	<tag>
		<tag-name>selectOneRadio</tag-name>
		<source>select/selectOneRadio.xhtml</source>
	</tag>
	<tag>
		<tag-name>selectOneMenu</tag-name>
		<source>select/selectOneMenu.xhtml</source>
	</tag>
	<!-- Ranges -->
    <tag>
        <tag-name>rangeDate</tag-name>
        <source>range/rangeDate.xhtml</source>
    </tag>
    <tag>
        <tag-name>rangeDateAria</tag-name>
        <source>range/rangeDateAria.xhtml</source>
    </tag>
	<tag>
		<tag-name>rangeDateTime</tag-name>
		<source>range/rangeDateTime.xhtml</source>
	</tag>
	<tag>
		<tag-name>rangeLocalDate</tag-name>
		<source>range/rangeLocalDate.xhtml</source>
	</tag>
	<tag>
		<tag-name>rangeLocalDateTime</tag-name>
		<source>range/rangeLocalDateTime.xhtml</source>
	</tag>
	<tag>
		<tag-name>rangeInt</tag-name>
		<source>range/rangeInt.xhtml</source>
	</tag>
	<tag>
		<tag-name>rangeLong</tag-name>
		<source>range/rangeLong.xhtml</source>
	</tag>
	<tag>
		<tag-name>rangeFloat</tag-name>
		<source>range/rangeFloat.xhtml</source>
	</tag>
	<tag>
		<tag-name>rangeDouble</tag-name>
		<source>range/rangeDouble.xhtml</source>
	</tag>
	<tag>
		<tag-name>rangeBigInt</tag-name>
		<source>range/rangeBigInt.xhtml</source>
	</tag>
	<tag>
		<tag-name>rangeBigDec</tag-name>
		<source>range/rangeBigDec.xhtml</source>
	</tag>
</facelet-taglib>
