<?xml version="1.0" encoding="UTF-8" ?>
<!--
 ! (c) Copyright 2005-2013 JAXIO, http://www.jaxio.com
 ! Source code generated by Celerio, a Jaxio product
 ! Want to use Celerio within your company? email us at info@jaxio.com
 ! Follow us on twitter: @springfuse
 ! Template pack-backend-jpa:src/main/resources/localization/domain/domain.e.vm.xml
-->
<!DOCTYPE properties SYSTEM "http://java.sun.com/dtd/properties.dtd">
<properties>
	<comment>Domain resources for Account</comment>

	<entry key="account">Account</entry>

	<!-- attributes -->
	<entry key="account_id">Id</entry>
	<entry key="account_username">Username</entry>
	<entry key="account_password">Password</entry>
	<entry key="account_email">Email</entry>
	<entry key="account_isEnabled">Is Enabled?</entry>
	<entry key="account_civility">Civility</entry>
	<entry key="account_firstName">First Name</entry>
	<entry key="account_lastName">Last Name</entry>
	<entry key="account_birthDate">Birth Date</entry>
	<entry key="account_description">Description</entry>
	<entry key="account_addressId">Address Id</entry>
	<entry key="account_creationDate">Creation Date</entry>
	<entry key="account_creationAuthor">Creation Author</entry>
	<entry key="account_lastModificationDate">Last Modification Date</entry>
	<entry key="account_lastModificationAuthor">Last Modification Author</entry>
	<entry key="account_version">Version</entry>

	<!-- enums values -->
	<entry key="Civility_MR">Mister</entry>
	<entry key="Civility_MS">Miss</entry>

	<!-- x-to-one -->
	<entry key="account_homeAddress">Home Address</entry>

	<!-- one-to-many -->
	<entry key="account_books">Book</entry>
	<entry key="account_documents">Document</entry>

	<!-- many-to-many -->
	<entry key="account_roles">Role</entry>

	<!-- uniques -->
	<entry key="account_username_already_exists">Username already exists</entry>
	<entry key="account_email_already_exists">Email already exists</entry>
	<entry key="account_composite_unique_constraint_error">A composite unique constraint has failed on Account</entry>
</properties>