<?xml version="1.0" encoding="UTF-8" ?>
<!--
 ! (c) Copyright 2005-2013 JAXIO, http://www.jaxio.com
 ! Source code generated by Celerio, a Jaxio product
 ! Want to use Celerio within your company? email us at info@jaxio.com
 ! Follow us on twitter: @springfuse
 ! Template pack-backend-jpa:src/main/resources/localization/domain/domain.e.vm.xml
-->
<!DOCTYPE properties SYSTEM "http://java.sun.com/dtd/properties.dtd">
<properties>
	<comment>Domain resources for Address</comment>

	<entry key="address">Address</entry>

	<!-- attributes -->
	<entry key="address_id">Id</entry>
	<entry key="address_streetName">Street Name</entry>
	<entry key="address_city">City</entry>
	<entry key="address_version">Version</entry>

	<!-- uniques -->
	<entry key="address_composite_unique_constraint_error">A composite unique constraint has failed on Address</entry>
</properties>