<?xml version="1.0" encoding="UTF-8" ?>
<!--
 ! (c) Copyright 2005-2013 JAXIO, http://www.jaxio.com
 ! Source code generated by Celerio, a Jaxio product
 ! Want to use Celerio within your company? email us at info@jaxio.com
 ! Follow us on twitter: @springfuse
 ! Template pack-backend-jpa:src/main/resources/localization/domain/domain.e.vm.xml
-->
<!DOCTYPE properties SYSTEM "http://java.sun.com/dtd/properties.dtd">
<properties>
	<comment>Domain resources for MoreTypesDemo</comment>

	<entry key="moreTypesDemo">More Types Demo</entry>

	<!-- attributes -->
	<entry key="moreTypesDemo_id">Id</entry>
	<entry key="moreTypesDemo_numberInt">Number Int</entry>
	<entry key="moreTypesDemo_numberLong">Number Long</entry>
	<entry key="moreTypesDemo_numberDouble">Number Double</entry>
	<entry key="moreTypesDemo_numberFloat">Number Float</entry>
	<entry key="moreTypesDemo_numberBigInteger">Number Big Integer</entry>
	<entry key="moreTypesDemo_numberBigDecimal">Number Big Decimal</entry>
	<entry key="moreTypesDemo_dateJavaTemporalDate">Date Java Temporal Date</entry>
	<entry key="moreTypesDemo_dateJavaTemporalTimestamp">Date Java Temporal Timestamp</entry>
	<entry key="moreTypesDemo_dateJoda">Date Joda</entry>
	<entry key="moreTypesDemo_dateTimeJoda">Date Time Joda</entry>
	<entry key="moreTypesDemo_version">Version</entry>

	<!-- uniques -->
	<entry key="moreTypesDemo_composite_unique_constraint_error">A composite unique constraint has failed on More Types Demo</entry>
</properties>