<?xml version="1.0" encoding="UTF-8"?>
<!--
 ! (c) Copyright 2005-2013 JAXIO, http://www.jaxio.com
 ! Source code generated by Celerio, a Jaxio product
 ! Want to use Celerio within your company? email us at info@jaxio.com
 ! Follow us on twitter: @springfuse
 ! Template pack-jsf2-spring-conversation:src/main/webapp/WEB-INF/applicationContext-security-http.p.vm.xml
-->
<beans:beans xmlns="http://www.springframework.org/schema/security" xmlns:xsi="http://www.w3.org/2001/XMLSchema-instance" xmlns:beans="http://www.springframework.org/schema/beans"
	xsi:schemaLocation="
		http://www.springframework.org/schema/beans http://www.springframework.org/schema/beans/spring-beans-3.1.xsd
		http://www.springframework.org/schema/security http://www.springframework.org/schema/security/spring-security-3.1.xsd">

	<!-- Configure Spring Security -->
	<http auto-config="true" use-expressions="true">
		<form-login login-page="/login.faces" login-processing-url="/logincheck.faces" default-target-url="/home.faces" authentication-failure-url="/login.faces?login_error=1" />
		<logout logout-url="/logout.faces" logout-success-url="/home.faces" />

		<intercept-url pattern="/resource/*" access="permitAll()" />
		<intercept-url pattern="/javax.*/**" access="permitAll()" />
		<intercept-url pattern="/logout*" access="isAuthenticated()" />

		<intercept-url pattern="/login.faces*" access="permitAll()" />
		<intercept-url pattern="/home.faces" access="permitAll()" />
		<intercept-url pattern="/error/*" access="permitAll()" />

		<intercept-url access="hasRole('ROLE_ADMIN')" pattern="/domain/**/*" />

		<access-denied-handler error-page="/error/accessdenied.faces" />
	</http>
</beans:beans>
