<?xml version='1.0' encoding='UTF-8'?>
<!--
 ! (c) Copyright 2005-2013 JAXIO, http://www.jaxio.com
 ! Source code generated by Celerio, a Jaxio product
 ! Want to use Celerio within your company? email us at info@jaxio.com
 ! Follow us on twitter: @springfuse
 ! Template pack-jsf2-spring-conversation:src/main/webapp/WEB-INF/faces-config.p.vm.xml
-->
<faces-config xmlns="http://java.sun.com/xml/ns/javaee"
    xmlns:xsi="http://www.w3.org/2001/XMLSchema-instance"
    xsi:schemaLocation="http://java.sun.com/xml/ns/javaee http://java.sun.com/xml/ns/javaee/web-facesconfig_2_1.xsd"
    version="2.1">
    <application>
		<resource-handler>org.ikane.demospringfuse.web.util.PrimeResourceHandlerWithCache</resource-handler>
		<locale-config>
			<default-locale>fr</default-locale>
			<supported-locale>en</supported-locale>
			<supported-locale>fr</supported-locale>
		</locale-config>
		<el-resolver>org.ikane.demospringfuse.web.conversation.ConversationAwareElResolver</el-resolver>
        <message-bundle>org.ikane.demospringfuse.web.util.MessageBundle</message-bundle>
		<resource-bundle>
			<base-name>org.ikane.demospringfuse.web.util.MessageBundle</base-name>
			<var>msg</var>
		</resource-bundle>
	</application>
    <factory>
        <exception-handler-factory>org.ikane.demospringfuse.web.conversation.ConversationAwareExceptionHandlerFactory</exception-handler-factory>
	</factory>	
	<lifecycle>
        <phase-listener>org.ikane.demospringfuse.web.util.MultiPageMessagesSupport</phase-listener>    
        <phase-listener>org.ikane.demospringfuse.web.util.LogPhaseListener</phase-listener>    
	</lifecycle>
</faces-config>